At The Intersection Of Albert Street And Gower Street Preston (Northbound) - Lane 1 2 3|2103|570428|-37.742778|145.022448|8bLvArDxj5Q|NA|0
At The Intersection Of Alexandra Avenue And Church Street South Yarra - Lane 1 2 3|0|0|-37.834699|144.996395|1ZGMzoHHtGc|NA|0
At The Intersection Of Alexandra Parade And Brunswick Street Fitzroy - Lane 1 2 3|703|228988|-37.79355|144.97967|bhakNkg76F0|NA|0
At The Intersection Of Alexandra Parade And Brunswick Street Fitzroy - Lane 4 5 6|1387|477245|-37.793416|144.97967|bhakNkg76F0|NA|0
At The Intersection Of Alexandra Parade And George Street Fitzroy North - Lane 1 2 3|4806|1236409|-37.79348|144.982548|zztiQ0X7MNY|NA|0
At The Intersection Of Alexandra Parade And Smith Street Fitzroy North - Lane 1 2 3 4|1104|310976|-37.793761|144.984797|4-Ew5HuANKs|NA|0
At The Intersection Of Alma Road And Chapel Street St Kilda - Lane 1 2 3|1256|318349|-37.86141|144.991458|Wnda_EV_hXk|NA|0
At The Intersection Of Ashley Street And Churchill Avenue Maidstone - Lane 1 2|479|156765|-37.786302|144.864578|ug7qT0tPkqk|NA|0
At The Intersection Of Balaclava Road And Kooyong Road Caulfield North - Wet Film|48|19008|-37.871894|145.018126|kz9N-9ASul8|NA|0
At The Intersection Of Ballarat Road And Ashley Street Maidstone - Lane 1 2 3 4|3363|811659|-37.781683|144.865815|pP8SIKfwBvU|NA|0
At The Intersection Of Ballarat Road And Churchill Avenue Maidstone - Lane 1 2 3|1220|354714|-37.783071|144.869271|JN4dgYlcOqw|NA|0
At The Intersection Of Balwyn Road And Whitehorse Road Balwyn - Wet Film|420|167908|-37.812938|145.081283|FdBt0as8kxc|NA|0
At The Intersection Of Barkers Road And Glenferrie Road Hawthorn - Lane 1 2 3 4|4523|1105265|-37.814817|145.037152|zPCZnhwN_7Q|NA|0
At The Intersection Of Barkly Street And Carlisle Street St Kilda - Lane 1 2 3|1399|367215|-37.866937|144.981334|ynvjGF4fDa4|NA|0
At The Intersection Of Barry Road And King Street Dallas - Lane 1 2 3|3158|974751|-37.666109|144.942728|Q2hluycO5ec|NA|0
At The Intersection Of Bay Street And St Kilda Street Brighton - Wet Film|72|28512|-37.90392|144.988772|zC7ZOE652aI|NA|0
At The Intersection Of Bayswater Road And Mountain Highway Bayswater - Wet Film|594|238003|-37.838428|145.271239|gKMuqvEbXz0|NA|0
At The Intersection Of Bell Street And Gilbert Road Preston -  Wet Film|49|20198|-37.743613|144.988835|vHf9_xs3FNM|NA|0
At The Intersection Of Bell Street And Plenty Road Preston - Lane 1 2 3|1790|441531|-37.745688|145.006417|3_Low-ZqaLM|NA|0
At The Intersection Of Bell Street And Plenty Road Preston - Lane 4 5|1665|565113|-37.74559|145.006584|3_Low-ZqaLM|NA|0
At The Intersection Of Bell Street And St Georges Road Preston - Lane 1 2 3 4|2152|773645|-37.744566|144.997106|-YIXwXz2s54|NA|0
At The Intersection Of Blackburn Road And Burwood Highway Burwood East - Lane 1 2 3 4|542|184235|-37.852091|145.152089|7ljwTjkWqA0|NA|0
At The Intersection Of Blackburn Road And High Street Road Glen Waverley - Wet Film|251|99793|-37.871924|145.148545|6IHJMUcPhuM|NA|0
At The Intersection Of Blackburn Road And Monash Freeway Mount Waverley - Wet Film|372|149297|-37.895386|145.14399|1wC4qlGSqi4|NA|0
At The Intersection Of Blackshaws Road And Millers Road Altona North (Eastbound) - Lane 1 2|295|114534|-37.831101|144.847806|v2izyI29FQw|NA|0
At The Intersection Of Blackshaws Road And Millers Road Altona North (Westbound) - Lane 1 2|145|57817|-37.831323|144.848662|7A1fTNvfF7M|NA|0
At The Intersection Of Boronia Road And Wantirna Road Wantirna - Lane 1 2 3|48|13268|-37.847827|145.227678|qK-k48dndCw|NA|0
At The Intersection Of Boronia Road And Wantirna Road Wantirna - Lane 4 5|38|15445|-37.847655|145.227571|qK-k48dndCw|NA|0
At The Intersection Of Brighton Road And Glen Eira Road Ripponlea - Lane 1 2 3|6703|1544640|-37.876128|144.992425|889MI5N-u6g|NA|1445
At The Intersection Of Brighton Road And Glen Eira Road Ripponlea - Lane 4 56|7160|1692210|-37.876158|144.992293|889MI5N-u6g|NA|1445
At The Intersection Of Burke Road And Old Burke Road Kew East - Lane 1 2|9557|2202723|-37.787609|145.064863|RjCLsiMqLWw|NA|0
At The Intersection Of Burwood Highway And Selman Avenue Ferntree Gully - Lane 1 2 3 4|190|57468|-37.8886|145.295188|TPNuZSm1YJg|NA|0
At The Intersection Of Burwood Highway And Springvale Road Vermont South - Lane 1 2 3|105|30460|-37.855169|145.169789|3wAD4j6PMX8|NA|0
At The Intersection Of Burwood Highway And Springvale Road Vermont South - Lane 4 5 6|751|296689|-37.854968|145.169865|3wAD4j6PMX8|NA|0
At The Intersection Of Burwood Highway And Stud Road Wantirna South - Lane 1 2 3|72|19328|-37.869273|145.235656|CEOCQEaxRKg|NA|0
At The Intersection Of Burwood Highway And Stud Road Wantirna South - Lane 4 5|254|101378|-37.869057|145.235681|CEOCQEaxRKg|NA|0
At The Intersection Of Burwwod Highway and Blackburn Road Burwood East|0|0|-37.852768|145.152171|4QccIfScxHA|NA|0
At The Intersection Of Canterbury Road And Bayswater Road Bayswater North - Lane 1 2 3|1074|249721|-37.832271|145.268765|Dde0v-wWvmE|NA|0
At The Intersection Of Canterbury Road And Bayswater Road Bayswater North - Lane 4 5|938|373830|-37.832441|145.268854|Dde0v-wWvmE|NA|0
At The Intersection Of Canterbury Road And Colchester Road Kilsyth South - Lane 1 2 3 4|372|120246|-37.821574|145.3047|ZBxfFtb7q_Q|NA|0
At The Intersection Of Canterbury Road And Mitcham Road Vermont - Lane 1 2 3|346|99565|-37.836007|145.195167|mrEadfOi4nw|NA|0
At The Intersection Of Canterbury Road And Mitcham Road Vermont - Lane 4 5|1088|435058|-37.836072|145.195189|mrEadfOi4nw|NA|0
At The Intersection Of Canterbury Road And Station Street Box Hill (Eastbound) - Lane 1 2 3|741|261573|-37.828608|145.121475|2yuLOS-scbE|NA|0
At The Intersection Of Canterbury Road And Warrigal Road Surrey Hills - Wet Film|282|112863|-37.826132|145.099567|XSNTCB1coIw|NA|0
At The Intersection Of Cemetery Road West And Royal Parade Parkville - Lane 1 2|263|105102|-37.790225|144.959236|uoEGQQh-XKk|NA|0
At The Intersection Of Cemetery Road West And Royal Parade Parkville - Lane 3 4|5823|2317818|-37.789846|144.959168|uoEGQQh-XKk|NA|0
At The Intersection Of Centre Road And Buckland Street Clayton - Lane 1 2|3913|969355|-37.930035|145.131537|w2dk-9hODe8|NA|0
At The Intersection Of Centre Road And Springs Road Clayton South - Lane 1 2|4704|1160204|-37.927526|145.11024|mN8bsyP-7nw|NA|0
At The Intersection Of Centre Road And Warrigal Road Bentleigh East - Lane 1 2 3|1345|525978|-37.923845|145.082|HMwf-WGkv4Y|NA|0
At The Intersection Of Chandler Highway And Eastern Freeway Kew - Wet Film|378|150879|-37.790759|145.027799|9JfZQlscFVI|NA|0
At The Intersection Of Charles Street And Cotham Road Kew - Wet Film|333|133456|-37.807664|145.035292|3SqxBRccX28|NA|0
At The Intersection Of Church Street And Shannon Avenue Geelong West - Wet Film|125|50691|-38.130705|144.338446|LjGUQ8CYUSo|NA|0
At The Intersection Of City Road And Montague Street South Melbourne - Lane 1 2 3 4|1188|449282|-37.833006|144.95164|-aNDnroKSaY|NA|0
At The Intersection Of Dandenong Road And Chapel Street St Kilda - Lane 1 2 3|278|98100|-37.857982|144.992621|eAJ34ZfXSJc|NA|0
At The Intersection Of Dandenong Road And Chapel Street St Kilda - Lane 4 5 6|961|360855|-37.857813|144.992697|eAJ34ZfXSJc|NA|0
At The Intersection Of Dandenong Road And Clayton Road Oakleigh East - Lane 1 2 3 4|3484|1216902|-37.911064|145.121871|lamd0qXn_SM|NA|0
At The Intersection Of Dandenong Road And Kooyong Road Armadale - Lane 1 2 3|1030|316139|-37.86247|145.019344|3VWU4FIWwd8|NA|0
At The Intersection Of Dandenong Road And Kooyong Road Armadale - Lane 4 5|379|118420|-37.86253|145.019308|3VWU4FIWwd8|NA|0
At The Intersection Of Dandenong Road And Orrong Road Caulfield North - Lane 1 2|534|168243|-37.860536|145.010954|bq2z-lrle7M|NA|0
At The Intersection Of Dandenong Road And Orrong Road Caulfield North - Lane 3 4 5|2725|968203|-37.86039|145.010901|bq2z-lrle7M|NA|0
At The Intersection Of Dandenong Road And Warrigal Road Malvern East - Lane 1 2 3|127|37585|-37.892694|145.087853|nK1_ssVoXig|NA|0
At The Intersection Of Dandenong Road And Warrigal Road Malvern East - Lane 4 5 6|4561|1816010|-37.89294|145.087797|nK1_ssVoXig|NA|0
At The Intersection Of Dandenong-Frankston Road And Skye Road Frankston - Lane 1 2 3|5436|1356314|-38.128269|145.134382|V-gBp1U_-i8|NA|0
At The Intersection Of Denmark Street And Barkers Road Kew - Lane 1 2 3|1050|338723|-37.813369|145.028029|c3nTAA3dFQA|NA|0
At The Intersection Of Denmark Street And High Street South Kew - Lane 1 2 3 4|554|197460|-37.807961|145.028796|TyNX4j5wgUg|NA|0
At The Intersection Of Doncaster Road And Gardenia Road Balwyn North - Lane 1 2 3|5502|1382719|-37.789904|145.099544|m2wqPhvMfWY|NA|0
At The intersection Of Dorset Road And Canterbury Road Bayswater North - Lane 1 2|0|0|-37.825802|145.287694|MKW-gBW3f_U|NA|0
At The intersection Of Dorset Road And Canterbury Road Bayswater North - Lane 3 4 5|0|0|-37.825808|145.28761|MKW-gBW3f_U|NA|0
At The Intersection Of Duke Street And Ballarat Road Braybrook - Lane 1 2 3 4|1803|568767|-37.778869|144.847246|D8w7KNiMfUw|NA|0
At The Intersection Of Elgar Road And Arnold Street Box Hill - Lane 1 2|1001|290835|-37.813684|145.115701|vLKehNGhN5o|NA|0
At The Intersection Of Elizabeth Street And La Trobe Street Melbourne - Lane 1 2|1528|610329|-37.809981|144.96134|KNjqkJurThU|NA|0
At The Intersection Of Elizabeth Street And Victoria Street Melbourne - Lane 1 2 3|1368|547133|-37.805909|144.959465|JKmEtUvLM8w|NA|0
At The Intersection Of Epsom Road And Smithfield Road Kensington - Lane 1 2 3|4392|1751358|-37.788832|144.922754|k3YyoPHnYKo|NA|0
At The Intersection Of Exhibition Street And Victoria Street Melbourne - Lane 1 2 3|7305|1776285|-37.807574|144.968631|UpgcVpgHkRA|NA|0
At The Intersection Of Ferntree Gully Road And Stephensons Road Mount Waverley - Wet Film|53|21782|-37.899072|145.124181|flRK02RiWn0|NA|0
At The Intersection Of Fifteenth Street And San Mateo Avenue Mildura - Lane 1 2 3 4|1087|329858|-34.210599|142.141236|N|NA|0
At The Intersection Of Fitzroy Street And Lakeside Drive St Kilda - Lane 1 2 3|32302|7995049|-37.858055|144.97991|bfcwV_YpdkA|NA|0
At The Intersection Of Fitzroy Street And Princes Street St Kilda - Lane 1 2 3|1140|455410|-37.857947|144.980702|9VTukN0GYJQ|NA|0
At The Intersection Of Flemington Road And Gatehouse Street Parkville - Lane 1 2 3|594|174535|-37.796267|144.950959|pyFkRMr5gxo|NA|0
At The Intersection Of Flinders Street And William Street Melbourne - Lane 1 2 3|21308|5812803|-37.819628|144.96032|iBD_tQ70EfQ|NA|0
At The Intersection Of Foster Street And McCrae Street Dandenong - Lane 1 2 3|2179|692273|-37.988505|145.218436|Qw2W1mDlZJ8|NA|0
At The Intersection Of Francis Street And Wembley Avenue Yarraville - Lane 1 2|2540|654349|-37.819388|144.874247|rBuu_2R9_2c|NA|0
At The Intersection Of Francis Street And Wembley Avenue Yarraville (Eastbound) - Lane 1 2 3|3261|841051|-37.819284|144.873928|X8BWC5lpUlA|NA|0
At The Intersection Of Frankston Freeway Off Ramp And Dandenong-Frankston Road Seaford - Lane 1 2 3|733|212369|-38.128065|145.133934|DrzjRcd5zvE|NA|0
At The Intersection Of Gaffney Street And Sydney Road Coburg - Lane 1 2 3|1688|667217|-37.734109|144.965822|QjEg8mz0_2Y|NA|0
At The Intersection Of Geelong Road And Droop Street Footscray - Lane 1 2 3 4|16155|3798527|-37.796538|144.896563|TTGcSm4XQCk|NA|0
At The Intersection Of Geelong Street And Geelong Road Kingsville - Lane 1 2 3|1020|409559|-37.804378|144.883022|b-ryB-CdcBU|NA|0
At The Intersection Of Gilbert Road And Bell Street Preston - Lane 1 2|757|202459|-37.743471|144.98935|FZ5CUeeTemQ|NA|0
At The Intersection Of Gilbert Road And Murray Road Preston - Wet Film|393|156819|-37.736486|144.990367|07PhkMWwo6A|NA|0
At The Intersection Of Gladstone Road And Heatherton Road Dandenong North - Lane 1 2 3|964|372420|-37.968601|145.205206|AjiBhn24Kh0|NA|0
At The Intersection Of Glen Eira Road And Kooyong Road Caulfield - Lane 1 2 3|653|240308|-37.879258|145.016717|a5voj7a05U0|NA|0
At The Intersection Of Glen Eira Road And Kooyong Road Caulfield - Wet Film|248|98605|-37.879032|145.016048|43viT4E_8iM|NA|0
At The Intersection Of Glen Iris Road And Toorak Road Camberwell - Lane 1 2 3|0|0|-37.84722|145.0686|UNAqiLA9Xms|NA|0
At The Intersection Of Glenferrie Road And Burwood Road Hawthorn - Lane 1|483|172468|-37.822907|145.03522|f__WQq7BABg|NA|0
At The Intersection Of Glenferrie Road And Wellington Street Kew - Wet Film|106|43167|-37.810212|145.037579|4dDF-Fj7hoc|NA|0
At The Intersection Of Gordon Street And Barkly Street Footscray - Lane 1 2|1055|370763|-37.798819|144.888078|9z4gCrvQutQ|NA|0
At The Intersection Of Greensborough Highway And Grimshaw Street Greensborough - Lane 1 2 3 4|981|364973|-37.703012|145.089863|qecaRZsOKBs|NA|6500
At The Intersection Of Greensborough Highway And Grimshaw Street Watsonia - Lane 1 2 3 4|1386|512927|-37.703352|145.089563|MI0T2mNXUDc|NA|145
At The Intersection Of Grimshaw Street And Macorna Street Watsonia North - Lane 1 2 3|2286|769642|-37.70241|145.08378|8wmott-blk0|NA|0
At The Intersection Of Hall Road And Dandenong-Frankston Road Carrum Downs - Lane 1 2 3|1099|422150|-38.099709|145.17316|evABF9g46S8|NA|0
At The Intersection Of Hallam Road And Fordholm Road Hampton Park - Lane 1 2 34|3780|980798|-38.036135|145.267173|mGgB2BVq-3s|NA|0
At The Intersection Of Harding Street And Sydney Road Coburg - Wet Film|167|67323|-37.7451|144.966283|LWh-zhk-bnM|NA|0
At The Intersection Of Harp Road And Burke Road Kew East - Lane 1 2 3|254|95240|-37.800674|145.06222|X7D8-pg37rI|NA|0
At The Intersection Of Hawthorn Road And Inkerman Road Caulfield North - Lane 1|28|11088|-37.869363|145.025451|l3-AD8cjd18|NA|0
At The Intersection Of Heatherton Road And Corrigan Road Noble Park - Lane 1 2 3|880|287976|-37.964541|145.16895|JK-5vuwtf_0|NA|0
At The Intersection Of Heatherton Road And Monash Freeway Doveton - Lane 1 2 3 4|349|106457|-37.97263|145.237087|Iy5VZ-Z5iQA|NA|0
At The Intersection Of Heatherton Road And Monash Freeway Endeavour Hills - Lane 1 2 3|1121|407010|-37.972426|145.23779|98Vv3f4pr0g|NA|0
At The Intersection Of Heidelberg Road And Station Street Fairfield - Wet Film|162|64549|-37.783444|145.017814|AhYB9uh1jnY|NA|0
At The Intersection Of High Street And Don Street Bendigo - Lane 1 2 3|922|273066|-36.763648|144.270187|VCeMT32ARJE|NA|4663
At The Intersection Of High Street And Verene Avenue Templestowe Lower - Lane 1 2|1322|393959|-37.768144|145.118288|m6pPb3KZf8o|NA|0
At The Intersection Of High Street Road And Huntingdale Road Mount Waverley - Lane 1 2 3|1120|273052|-37.868034|145.112086|ZhAM0SAkhJU|NA|0
At The Intersection Of High Street Road And Stephensons Road Mount Waverley - Wet Film|168|67322|-37.870184|145.130321|CVT89DWEbsA|NA|0
At The Intersection Of High Street Road And Stud Road Wantirna South - Lane 1 2|28|8635|-37.876951|145.232673|HcTjEFTDg5k|NA|0
At The Intersection Of High Street Road And Stud Road Wantirna South - Lane 3 4 5|700|277684|-37.87688|145.232671|HcTjEFTDg5k|NA|0
At The Intersection Of Highbury Road And Huntingdale Road Mount Waverley - Lane 1 2|613|150577|-37.855624|145.114369|4AUndOd6Z80|NA|0
At The Intersection Of Hoddle Street And Johnston Street Collingwood - Lane 1 2 3|138|43292|-37.800162|144.992759|qOUkWMjRDec|NA|0
At The Intersection Of Hoddle Street And Johnston Street Collingwood - Lane 4 5 6|254|79295|-37.800102|144.992968|qOUkWMjRDec|NA|0
At The Intersection Of Hoddle Street And Victoria Parade East Melbourne - Lane 123|17|6694|-37.810328|144.99107|tRdJ95nTjRE|NA|0
At The Intersection Of Hoddle Street And Victoria Parade East Melbourne - Lane 4 5|101|40592|-37.810188|144.991283|tRdJ95nTjRE|NA|0
At The Intersection Of Hoddle Street And Victoria Street Abbotsford - Lane 1 2|342|133934|-37.809418|144.991581|I2t3DBPHhi8|NA|0
At The Intersection Of Hoddle Street And Victoria Street Abbotsford - Lane 3 4 5 6|988|393197|-37.809327|144.991394|I2t3DBPHhi8|NA|0
At The Intersection Of Hoddle Street And Wellington Parade East Melbourne - Lane 1 2 3|229|79447|-37.817739|144.989705|XBKwNpC_OGQ|NA|0
At The Intersection Of Hoddle Street And Wellington Parade East Melbourne - Lane 4 5|3213|1281876|-37.817807|144.989893|XBKwNpC_OGQ|NA|0
At The Intersection Of Hotham Street And Balaclava Road St Kilda East - Lane 1 2 3|460|152358|-37.869248|144.999594|7l02-AlmKSY|NA|0
At The Intersection Of Hume Highway And Somerton Road Campbellfield - Lane 1 2 3|766|202754|-37.643819|144.951086|fyCWYSwhQPE|NA|0
At The Intersection Of Hume Highway And Somerton Road Campbellfield - Lane 4 5|140|57902|-37.643801|144.951376|fyCWYSwhQPE|NA|0
At The Intersection Of Johnston Street And Hoddle Street Collingwood - Lane 2 3|36|14256|-37.799721|144.992526|uaRmzNEVxXc|NA|0
At The Intersection Of Johnston Street And Wellington Street Collingwood - Lane 1 2 3|3489|1393157|-37.799167|144.986972|S5gJ9gQyWdw|NA|0
At The Intersection Of King Street And Hawke Street West Melbourne Lane - 1 2 3 4|1173|357142|-37.8056|144.948812|RjSHTG1WGIo|NA|0
At The Intersection Of King Street And La Trobe Street West Melbourne Lane - 1 2 3 4|22674|5465146|-37.81229|144.953914|cBGiDsaV-jQ|NA|0
At The Intersection Of Kings Road And Melton Highway Taylors Lakes - Lane 1 2 3 4|1980|501437|-37.697781|144.780914|N|NA|0
At The Intersection Of Kings Way And Park Street South Melbourne - Lane 1 2 3 4|67|14694|-37.833003|144.967637|N6YOwuCt4F4|NA|0
At The Intersection Of Kooyong Road And Malvern Road Armadale - Wet Film|195|78014|-37.850684|145.021374|4qIKbmtXln4|NA|0
At The Intersection Of Latrobe Street And Spencer Street West Melbourne - Lane 1 2|768|270720|-37.813182|144.950975|ydAmj1RmZN8|NA|0
At The Intersection Of Latrobe Terrace And Fyans Street South Geelong - Lane 1 2 3 4|2275|740829|-38.160266|144.350338|lHqyPm6BZiM|NA|0
At The Intersection Of Lightwood Road And Corrigan Road Noble Park - Lane 1 2|0|0|-37.96152|145.168969|618fRVM7Vvo|NA|0
At The Intersection Of Lincoln Causeway And Hume Highway Ramp Wodonga - Lane 1 2|2150|568848|-36.109963|146.893869|Ff7xbJrPZh8|NA|254
At The Intersection Of Loddon Valley Highway And Calder Highway Ironbark - Lane 1 2 3|879|245315|-36.755467|144.263254|x3OFszQSw7w|NA|77
At The Intersection Of Lonsdale Street And Webster Street Dandenong - Lane 1 2 3 4|2897|825735|-37.992941|145.216002|1SIDDYov1p8|NA|0
At The Intersection Of Macaulay Road And Stubbs Street Kensington - Lane 1 2|3137|915146|-37.794999|144.934995|jWPanbIJuKE|NA|0
At The Intersection Of Mahoneys Road And High Street Thomastown - Lane 1 2 3|156|51056|-37.694658|145.010958|hi9EnVW8_hg|NA|0
At The Intersection Of Mahoneys Road And High Street Thomastown - Lane 4 5|2156|860128|-37.694839|145.010888|hi9EnVW8_hg|NA|0
At The Intersection Of Manningham Road And Macedon Road Templestowe Lower - Lane 1 2 3|464|152799|-37.773379|145.111797|BNSzgvpF8AM|NA|0
At The Intersection Of Maribyrnong Road And Mount Alexander Road Moonee Ponds - Lane 1 2 3|438|173572|-37.772724|144.926584|jZ4xFI-26vk|NA|0
At The Intersection Of Maroondah Highway And Approximately 100 Metres West Of Hutchinson Street - Eastbound Lilydale - Lane 1 2|6053|1531766|-37.756892|145.346782|TdVtCmQ_fdc|NA|0
At The Intersection Of Maroondah Highway And Approximately 100 Metres West Of Hutchinson Street - Westbound Lilydale - Lane 1 2|10450|2528949|-37.757067|145.347462|uo1ccGyMy8k|NA|0
At The Intersection Of Maroondah Highway And Exeter Road Croydon North|0|0|-37.77094|145.294898|S9k5WHJWyb4|NA|0
At The Intersection Of Maroondah Highway And Mount Dandenong Road Ringwood - Lane 23|8081|1905220|-37.810913|145.237827|HqSJeE9yXQg|NA|0
At The Intersection Of Maroondah Highway And Mount Dandenong Road Ringwood - Lane 4 56|339|136229|-37.810899|145.237704|HqSJeE9yXQg|NA|0
At The Intersection Of Maroondah Highway And Ringwood Bypass Ringwood - Lane 1 2|911|233995|-37.81124|145.237147|dn_ICJBeBAs|NA|0
At The Intersection Of Maroondah Highway And Ringwood Bypass Ringwood - Lane 3 4 5|96|38016|-37.811227|145.237033|dn_ICJBeBAs|NA|0
At The Intersection Of Maroondah Highway And Springvale Road Nunawading - Lane 1 2 3 4|51|16435|-37.818627|145.1765|d20GnYJn9qo|NA|0
At The Intersection Of Maroondah Highway And Springvale Road Nunawading - Lane 5 6|2127|850232|-37.818452|145.176563|d20GnYJn9qo|NA|0
At The Intersection Of McIvor Road And Reservoir Road Strathdale - Lane 1 2 3 4|979|250797|-36.759605|144.317687|jgAOI9J2ovo|NA|13
At The Intersection Of Melville Road And Albion Street Brunswick - Wet Film|174|70095|-37.758398|144.945021|3LGxal21zC0|NA|0
At The Intersection Of Middleborough Road And Eastern Freeway Box Hill North - Lane 1 2 3|5903|1502004|-37.79896|145.142219|FnsXJkXyg9A|NA|0
At The Intersection Of Mont Albert Road And Union Road Surrey Hills - Lane 1 2|258|95560|-37.82035|145.098015|SXeH1aX4ofk|NA|0
At The Intersection Of Moorabool Street And Fyans Street South Geelong - Lane 1 2 3 4|1393|432965|-38.161799|144.354017|L1UtYk69cgw|NA|0
At The Intersection Of Mountain Highway And Wantirna Road Wantirna - Lane 1 2 3|272|98491|-37.849057|145.226961|2Y3ggEWzXPI|NA|0
At The Intersection Of Mt Dandenong Road And Dorset Road Croydon - Lane 1 2 3 4|119|38298|-37.799773|145.290494|teW85erbt8g|NA|0
At The Intersection Of Munro Street And Sydney Road Coburg - Lane 1 2 3|450|170249|-37.744891|144.965614|FM1gHyeCAk8|NA|0
At The Intersection Of Murray Road And Elizabeth Street Coburg - Lane 1 2 3|1170|323306|-37.735982|144.983031|T_gCRw7-vYw|NA|0
At The Intersection Of Narre Warren North Road And Ernst Wanke Road Narre Warren - Lane 1 2 3|380|108875|-37.996825|145.312603|Hj-dQdtnsK0|NA|0
At The Intersection Of Narre Warren North Road And Ernst Wanke Road Narre Warren North - Lane 1 2 3|974|248185|-37.996549|145.312812|Hj-dQdtnsK0|NA|0
At The Intersection Of Nepean Highway And Bungower Road Mornington - Lane 1 2 3 4|921|296198|-38.220081|145.05705|LdvLTkWt1yM|NA|0
At The Intersection Of Nepean Highway And Centre Road Brighton East - Lane 1 2 3|974|243596|-37.916069|145.01791|R9znXi9yvMg|NA|0
At The Intersection Of Nepean Highway And Centre Road Brighton East - Lane 4 5|1049|256338|-37.916058|145.018015|R9znXi9yvMg|NA|0
At The Intersection Of Nepean Highway And Davey Street Frankston - Lane 1 2 3|1099|339364|-38.145081|145.120366|889MI5N-u6g|NA|5116
At The Intersection Of Nepean Highway And Davey Street Frankston - Lane 4 5|483|110654|-38.145|145.120202|889MI5N-u6g|NA|5116
At The Intersection Of Nepean Highway And Highett Road Highett - Lane 1 2 3 4|2206|775886|-37.949453|145.046254|uOK2zE7pYDo|NA|0
At The Intersection Of Nepean Highway And Highett Road Highett - Wet Film|25|9900|-37.948752|145.045947|889MI5N-u6g|NA|2511
At The Intersection Of Nepean Highway And Karen Street Highett - Lane 1 2|396|106781|-37.957084|145.052023|889MI5N-u6g|NA|2580
At The Intersection Of Nepean Highway And Karen Street Highett - Lane 3 4 5|2636|1039850|-37.957101|145.051702|889MI5N-u6g|NA|2580
At The Intersection Of Nepean Highway And Main Street Mornington - Lane 1 2 3 4|1027|309140|-38.229773|145.044513|v9FQi9Wyjjs|NA|0
At The Intersection Of Nepean Highway And Warrigal Road Mentone - Lane 1 2 3|234|84673|-37.981618|145.070974|889MI5N-u6g|NA|3011
At The Intersection Of Nepean Highway And Warrigal Road Mentone - Lane 4 5|361|142645|-37.981858|145.070948|889MI5N-u6g|NA|3011
At The Intersection Of Nicholson Street And Albert Street East Melbourne - Lane 1|0|0|-37.809409|144.972836|NJqfcLBShBc|NA|0
At The Intersection Of Nicholson Street And Elgin Street Carlton - Lane 1 2 3|570|218169|-37.798285|144.974691|mzLtzKa1W_s|NA|0
At The Intersection Of Nicholson Street And Glenlyon Road Brunswick - Wet Film|470|186517|-37.773246|144.979379|1Hg5kMXHGz0|NA|0
At The Intersection Of Nicholson Street And Princes Street Carlton - Lane 1 2 3|2326|919371|-37.793284|144.975528|1rAEX1QuKB0|NA|0
At The Intersection Of Nicholson Street And Victoria Parade East Melbourne|0|0|-37.808205|144.973053|EHr-7cijfuQ|NA|0
At The Intersection Of North Road And Clayton Road Oakleigh East - Lane 1 2 3|12370|3028960|-37.913608|145.121708|r4Y8kC5K-Bk|NA|0
At The Intersection Of North Road And Clayton Road Oakleigh East - Lane 4 5|4502|1075782|-37.913677|145.121694|r4Y8kC5K-Bk|NA|0
At The Intersection Of Ogilvie Avenue And High Street Echuca - Lane 1 2 3|491|171762|-36.140387|144.750748|-mbkZsUumb4|NA|33
At The Intersection Of Park Road And Charman Road Cheltenham - Lane 1 2|89|33304|-37.965496|145.055936|I3mpltFthGE|NA|0
At The Intersection Of Pascoe Vale Road And Peck Avenue Strathmore - Lane 1 2 3 4|5573|1361499|-37.7301|144.923845|JMojIcZiG4U|NA|0
At The Intersection Of Pascoe Vale Road And Reservoir Drive Coolaroo - Lane 1 2 3 4|1064|326825|-37.643371|144.929033|h2l4MPCC0dw|NA|0
At The Intersection Of Peel Street And Victoria Street West Melbourne - Lane 1 2 3|364|123133|-37.806147|144.955879|8D-dilHPJlE|NA|0
At The Intersection Of Plenty Road And Dunne Street Kingsbury - Lane 1 2 3 4|2433|852410|-37.716882|145.043199|QwjBCnm2p38|NA|0
At The Intersection Of Plenty Road And Kingsbury Drive Bundoora - Lane 1 2 3 4|2900|702687|-37.717037|145.042773|s1KLsdNIZeU|NA|0
At The Intersection Of Princes Highway And Belgrave Road Malvern East - Lane 2 3|236|85979|-37.884531|145.06733|WBBs-FGnwFU|NA|0
At The Intersection Of Princes Highway And Belgrave Road Malvern East - Lane 4 5 6|919|341250|-37.884599|145.067321|WBBs-FGnwFU|NA|0
At The Intersection Of Princes Highway And Elonera Road Noble Park North - Lane 1 2 3 4|638|199783|-37.961176|145.188239|RIXTZdZGP9E|NA|0
At The Intersection Of Princes Highway And Fitzgerald Road Hallam - Lane 1 2 3 4|2451|663790|-38.008582|145.278118|9wKh1_-5SIM|NA|0
At The Intersection Of Princes Highway And Gladstone Road Dandenong - Lane 1 2 3|221|67969|-37.97486|145.203461|M5_JTVpugCc|NA|0
At The Intersection Of Princes Highway And Gladstone Road Dandenong - Lane 4 5|286|111205|-37.974963|145.20329|M5_JTVpugCc|NA|0
At The Intersection Of Princes Highway And Huntingdale Road Oakleigh East - Lane 1 2 3 4|776|279276|-37.900496|145.10496|nCR4FMHZXTI|NA|0
At The Intersection Of Princes Highway And Pioneer Road Grovedale - Lane 1 2 3|748|197841|-38.19674|144.318877|rJ2Pi9n_mIg|NA|0
At The Intersection Of Princes Highway And South Gippsland Freeway Eumemmerring - Lane 1 2 3|802|288757|-38.003522|145.251162|wiW2cQ_dd84|NA|0
At The Intersection Of Princes Highway And Sparks Road Norlane - Lane 1 2 3 4|2376|629694|-38.091612|144.356364|qecaRZsOKBs|NA|2461
At The Intersection Of Princes Highway And Station Street Corio - Lane 1 2 3 4|3152|835942|-38.07537|144.369063|MI0T2mNXUDc|NA|6234
At The Intersection Of Princes Highway And Webb Street Narre Warren - Lane 1 2 3 4|635|188406|-38.025473|145.30548|sltv_4R50fY|NA|0
At The Intersection Of Princes Street And Rathdowne Street Carlton - Lane 1 2 3 4|284|97145|-37.792735|144.971773|X17YCOYoAjU|NA|0
At The Intersection Of Prospect Hill Road And Burke Road Camberwell - Lane 1 2 3|1333|533029|-37.828273|145.057757|HmnLAOFhWX0|NA|0
At The Intersection Of Punt Road And Commercial Road Melbourne - Lane 1 2 3|1219|405747|-37.845926|144.984873|M_aOQB6B6dE|NA|0
At The Intersection Of Punt Road And High Street Prahran - Lane 123|4101|1011829|-37.8504|144.984324|889MI5N-u6g|NA|888
At The Intersection Of Punt Road And Toorak Road South Yarra - Lane 1 2 3|3002|881588|-37.838603|144.986361|-5wsruM-_cY|NA|0
At The Intersection Of Raglan Parade And Mahoneys Road Warrnambool - Lane 1 2 3|1681|453432|-38.384938|142.533428|B50d5p1B5wc|NA|572
At The Intersection Of Ringwood Street And Maroondah Highway Ringwood - Lane 1 2 3|951|377390|-37.815398|145.22747|zM-ieSS9nqk|NA|0
At the intersection of Rosanna Road and Banyule Road Northbound Heidelberg - Lane 1 2 3|0|0|-37.742903|145.072439|aWRll9tbpFA|NA|0
At the intersection of Rosanna Road and Banyule Road Southbound Heidelberg - Lane 1 2|0|0|-37.742741|145.072595|-SpzcYkkjQ8|NA|0
At the intersection of Rosanna Road and Darebin Street Northbound Heidelberg - Lane 1 2 3|0|0|-37.754734|145.069934|scAWk6LDbRA|NA|0
At the intersection of Rosanna Road and Darebin Street Southbound Heidelberg - Lane 1 2 3|0|0|-37.754532|145.070033|2EneKaIMcxg|NA|0
At The Intersection Of Royal Parade And Cemetery Road West North Carlton - Lane 1 2|41|16236|-37.789741|144.958935|Qg7K584vaIc|NA|0
At The Intersection Of Royal Parade And Gatehouse Street Parkville - Lane 1 2|354|117627|-37.792813|144.958271|cFZHQtl99LY|NA|0
At The Intersection Of Royal Parade And Gatehouse Street Parkville - Lane 3|396|118502|-37.792768|144.958301|cFZHQtl99LY|NA|0
At The Intersection Of Scoresby Road And Mountain Highway Bayswater - Lane 1 2 3 4|933|221410|-37.838899|145.271043|onKRL6Tgebs|NA|0
At The Intersection Of Settlement Road And Torquay Road Belmont - Lane 1 2 3 4|1181|301157|-38.18231|144.344653|vKJJyKgzx1U|NA|0
At The Intersection Of Seymour Grove And Camberwell Road Camberwell - Lane 1 2 3|158|62965|-37.836023|145.061711|6NvKg7Yyp6I|NA|0
At The Intersection Of Shannon Avenue And Aphrasia Street Newtown - Wet Film|114|45541|-38.149893|144.334622|VNpCl9ICOo8|NA|0
At The Intersection Of Shannon Avenue And Noble Street Newtown - Lane 1 2 3|472|147263|-38.152483|144.334199|OPpZsYGEKVM|NA|0
At The Intersection Of Somerville Road And Geelong Road Yarraville - Lane 1 2 3|2431|878062|-37.81127|144.870054|HQDCyP9x0Js|NA|0
At The Intersection Of South Gippsland Highway And Lynbrook Boulevard Lynbrook - Lane 1 2 3|1151|289807|-38.050795|145.257763|RiSAni13rdI|NA|0
At The Intersection Of South Gippsland Highway And Thompsons Road Cranbourne North - Lane 1 2|155|44081|-38.081954|145.276315|kunBpSMA4Y8|NA|0
At The Intersection Of South Gippsland Highway And Thompsons Road Cranbourne North - Lane 3 4 5|286|105303|-38.081969|145.276432|kunBpSMA4Y8|NA|0
At The Intersection Of Spencer Street And Dudley Street West Melbourne - Lane 1 2 3 4|470|145031|-37.810287|144.950021|OahphFrxF7U|NA|0
At The Intersection Of Springvale Road And Canterbury Road Forest Hill - Lane 1 2 3|127|35251|-37.834561|145.172887|wXTNTmgsUlU|NA|0
At The Intersection Of Springvale Road And Canterbury Road Forest Hill - Lane 4 5|500|199588|-37.834543|145.1728|wXTNTmgsUlU|NA|0
At The Intersection Of Springvale Road And High Street Road Glen Waverley - Lane 1 2 3|497|165658|-37.873984|145.16707|u3gVz-nKETo|NA|0
At The Intersection Of Springvale Road And High Street Road Glen Waverley - Lane 4 5|831|331855|-37.874065|145.166843|u3gVz-nKETo|NA|0
At The Intersection Of Springvale Road And Lower Dandenong Road Braeside - Lane 2 3|412|105632|-37.991271|145.144338|KJbjAO-fDQo|NA|0
At The Intersection Of Springvale Road And Lower Dandenong Road Braeside - Lane 4 5 6|2826|1102737|-37.991269|145.144663|KJbjAO-fDQo|NA|0
At The Intersection Of Springvale Road And Wellington Road Mulgrave - Lane 1 2 3|76|26577|-37.918977|145.158426|KVxn6SUgsVU|NA|0
At The Intersection Of Springvale Road And Wellington Road Mulgrave - Lane 4 5|1340|535007|-37.918981|145.158655|KVxn6SUgsVU|NA|0
At The Intersection Of St Georges Road And Normanby Avenue Thornbury - Lane 1 2 3|2422|927808|-37.759041|144.99303|NHXdYgXN324|NA|0
At The Intersection Of St Georges Road And Normanby Avenue Thornbury - Wet Film|293|116028|-37.758457|144.993579|phq40QNys7o|NA|0
At The Intersection Of St Kilda Road And Fitzroy Street St Kilda - Lane 1 2 3 4|652|183689|-37.857275|144.982584|2VpPh5-qedk|NA|0
At The Intersection Of St Kilda Road And Fitzroy Street St Kilda - Lane 5 6 7|264|91993|-37.857151|144.982798|2VpPh5-qedk|NA|0
At The Intersection Of St Kilda Road And Union Street Melbourne - Lane 1 2|1024|264222|-37.852965|144.981773|NKjVuqnr5Vw|NA|0
At The Intersection Of St Kilda Road And Union Street Melbourne - Lane 3 4 5|302|83807|-37.853019|144.981957|NKjVuqnr5Vw|NA|0
At The Intersection Of St. Georges Road And Arthurton Road Northcote - Lane 1 2 3|2639|824222|-37.768137|144.991729|jaM0LQS4q2Y|NA|0
At The Intersection Of Station Street And Thames Street Box Hill - Lane 1 2|806|241119|-37.813972|145.124634|BNSzgvpF8AM|NA|0
At The Intersection Of Stud Road And Ferntree Gully Road Scoresby - Lane 1 2 3|175|48361|-37.899563|145.232903|2OUdGdoMXFo|NA|0
At The Intersection Of Stud Road And Ferntree Gully Road Scoresby - Lane 4 5 6|1804|715589|-37.89947|145.233207|2OUdGdoMXFo|NA|0
At The Intersection Of Stud Road And Heatherton Road Dandenong - Lane 1 2 3 4|7716|1939379|-37.971354|145.223233|hvW_8sA55w8|NA|0
At The Intersection Of Stud Road And Wellington Road Rowville - Lane 1 2 3|129|39922|-37.927537|145.233379|HzsWgoV8vok|NA|0
At The Intersection Of Stud Road And Wellington Road Rowville - Lane 4 5|1795|717966|-37.927506|145.233104|HzsWgoV8vok|NA|0
At The Intersection Of Sturt Street And Gillies Street Lake Gardens - Lane 1 2 3|141|45151|-37.555464|143.818595|gruPEy1sol8|NA|322
At The Intersection Of Sussex Street And O'Hea Street Pascoe Vale South - Lane 1 2|1914|452825|-37.73622|144.948907|JJc8MhI_P_s|NA|0
At The Intersection Of Sydney Road And Barry Road Campbellfield - Lane 1 2 3|647|186761|-37.666953|144.955169|SWG902Dk_uI|NA|0
At The Intersection Of Sydney Road And Barry Road Campbellfield - Lane 4 5|1536|617624|-37.666986|144.954899|SWG902Dk_uI|NA|0
At The Intersection Of Sydney Road And Mahoneys Road Campbellfield - Lane 1 2 3|1146|301616|-37.689339|144.958281|UX3d6mMVcNA|NA|0
At The Intersection Of Sydney Road And Mahoneys Road Campbellfield - Lane 4 567|564|165393|-37.689327|144.958149|UX3d6mMVcNA|NA|0
At The Intersection Of Terminal Drive And Centre Road Melbourne Airport - Lane 1 2 3 4|0|0|-37.673047|144.852225|ikGye4DQVUo|NA|0
At The Intersection Of The Boulevard And Melbourne Road Norlane - Lane 1 2|322|122843|-38.09874|144.354755|z-CSWFroS28|NA|0
At The Intersection Of Thomas Street And North Road Brighton East - Lane 1 2|484|188066|-37.902498|145.025907|Lx-DEaSs13E|NA|0
At The Intersection Of Thompson Road And Separation Street Bell Park - Lane 1 2 3|1525|448396|-38.110899|144.343355|BVZDzBD9TJo|NA|0
At The Intersection Of Toorak Road And Burke Road Camberwell - Wet Film|84|33264|-37.845652|145.05385|p4fY7EhZa-s|NA|0
At The Intersection Of Toorak Road And Glen Iris Road Camberwell - Lane 1 2 3|1359|448992|-37.847278|145.068401|pVAo4OOimJA|NA|0
At The Intersection Of Union Road And Mont Albert Road Surrey Hills - Lane 1 2|156|58332|-37.820211|145.098451|2_fI4RDzbHk|NA|0
At The Intersection Of Victoria Parade And Nicholson Street Carlton - Lane 1 2 3|0|0|-37.807669|144.973045|TSF-y9kiy84|NA|0
At The Intersection Of Victoria Parade And Nicholson Street Carlton - Lane 4 5 6|0|0|-37.807726|144.973032|TSF-y9kiy84|NA|0
At The Intersection Of Victoria Street And Doncaster Road Doncaster - Lane 1 2 3|370|129025|-37.78663|145.143794|WXFdOWlLvHs|NA|0
At The Intersection Of Warrigal Road And Batesford Road Chadstone - Lane 1 2 3|35075|8408561|-37.875223|145.091638|sQwNeyTLEd0|NA|0
At The Intersection Of Warrigal Road And Batesford Road Malvern East - Wet Film|81|32076|-37.875768|145.091421|1qci9TED1lo|NA|0
At The Intersection Of Warrigal Road And Centre Dandenong Road Cheltenham - Lanes 1 2 3 4|5150|1587534|-37.967305|145.074369|4A-A9c8AoEY|NA|0
At The Intersection Of Warrigal Road And Highbury Road Burwood - Wet Film|41|16236|-37.85309|145.09526|2GBkRPDzoB4|NA|0
At The Intersection Of Warrigal Road And North Road Oakleigh - Lane 1 2 3|3884|1002407|-37.909175|145.085247|MqXrA6WZCY0|NA|0
At The Intersection Of Warrigal Road And North Road Oakleigh - Lane 4 5|2028|811188|-37.909143|145.085016|MqXrA6WZCY0|NA|0
At The Intersection Of Waverley Road And Blackburn Road Glen Waverley - Wet Film|13|5148|-37.886848|145.146093|kTK7GpIXTK8|NA|0
At The Intersection Of Waverley Road And Blackburn Road Mount Waverley - Lane 1 2 3|350|131598|-37.886598|145.145183|58bVV_r13ho|NA|0
At The Intersection Of Wellington Road And Blackburn Road Clayton - Wet Film|58|22968|-37.916187|145.139696|Vf9M8znMRks|NA|0
At The Intersection Of Wells Road And Nurten Parade Aspendale Gardens - Lane 1 2 3 4|2577|636175|-38.022428|145.124385|PQu8DQWyceY|NA|0
At The Intersection Of Wells Road And Palm Grove Boulevard Aspendale Gardens - Lane 1 2 3 4|2567|700862|-38.018897|145.118212|XPrIutOn8jU|NA|0
At The Intersection Of Whitehorse Road And Burke Road Balwyn - Lane 1|178|61343|-37.810483|145.061081|0xaEi6ZjRAU|NA|0
At The Intersection Of Whitehorse Road And Elgar Road Box Hill - Lane 1 2 3|1711|615339|-37.817073|145.115461|YMkQ-SHCECM|NA|0
At The Intersection Of Whitehorse Road And Surrey Road Blackburn - Lane 1 2 3 4|9222|2191026|-37.817605|145.155826|MRe4v1ujvuk|NA|0
At The Intersection Of Williamsons Road And Doncaster Road Doncaster - Lane 1 2 3|127|42181|-37.786902|145.125013|zSCIqUuw0wg|NA|0
At The Intersection Of Williamsons Road And Doncaster Road Doncaster - Lane 4 5 6|132|49187|-37.787007|145.124785|zSCIqUuw0wg|NA|0
At The Intersection Of Williamstown Road And Somerville Road Yarraville - Lane 1 2|845|257987|-37.812603|144.883603|sGvGss30_8w|NA|0
At The Intersection Of York Street And Macarthur Street Sale - Lane 1 2 3|1089|372354|-38.104882|147.068203|vpDZ7jkwgNY|NA|781
Burnley Tunnel Cremorne Approximately 2140 Metres After The Tunnel Entrance - Lane 1|1413|355514|-37.824861|144.990061|N|NA|0
Burnley Tunnel Cremorne Approximately 2140 Metres After The Tunnel Entrance - Lane 2|2191|562413|-37.824859|144.990054|N|NA|0
Burnley Tunnel Cremorne Approximately 2140 Metres After The Tunnel Entrance - Lane 3|2660|652223|-37.824852|144.990058|N|NA|0
Burnley Tunnel Southbank Approximately 430 Metres After The Tunnel Entrance - Lane 1|3483|909685|-37.825025|144.970534|N|NA|0
Burnley Tunnel Southbank Approximately 430 Metres After The Tunnel Entrance - Lane 2|2935|792375|-37.825044|144.970541|N|NA|0
Burnley Tunnel Southbank Approximately 430 Metres After The Tunnel Entrance - Lane 3|1890|508242|-37.825068|144.970551|N|NA|0
Domain Tunnel Melbourne Approximately 725 Metres After The Tunnel Entrance - Lane 1|1713|432848|-37.825114|144.976095|N|NA|0
Domain Tunnel Melbourne Approximately 725 Metres After The Tunnel Entrance - Lane 2|3592|898006|-37.825195|144.976155|N|NA|0
Domain Tunnel Melbourne Approximately 725 Metres After The Tunnel Entrance - Lane 3|5647|1325861|-37.825233|144.976128|N|NA|0
Domain Tunnel Southbank Approximately 1195 Metres After The Tunnel Entrance - Lane 1|1977|506813|-37.8251527|144.9709481|N|NA|0
Domain Tunnel Southbank Approximately 1195 Metres After The Tunnel Entrance - Lane 2|3160|824399|-37.825095|144.970922|N|NA|0
Domain Tunnel Southbank Approximately 1195 Metres After The Tunnel Entrance - Lane 3|2789|712114|-37.825054|144.97088|N|NA|0
Eastbound Midland Highway At Bagshot Level Crossing 40 Metres West Of Peatlings Road Bagshot - Lane 1|4592|1268142|-36.65396|144.404472|qCCPOvUpC4I|NA|622
Eastlink Keysborough Northbound Dandenong Bypass Bridge - Lane 1|2391|555558|-38.001392|145.191195|lfs4DcOTB6c|NA|467
Eastlink Keysborough Northbound Dandenong Bypass Bridge - Lane 2|2628|595345|-38.001399|145.191238|lfs4DcOTB6c|NA|467
Eastlink Keysborough Northbound Dandenong Bypass Bridge - Lane 3|7677|1754902|-38.001404|145.191277|lfs4DcOTB6c|NA|467
Eastlink Keysborough Southbound Dandenong Bypass Bridge - Lane 1|2506|575555|-38.001086|145.191651|jkUU3JCl7HM|NA|983
Eastlink Keysborough Southbound Dandenong Bypass Bridge - Lane 2|2983|676785|-38.001081|145.191614|jkUU3JCl7HM|NA|983
Eastlink Keysborough Southbound Dandenong Bypass Bridge - Lane 3|9081|2101396|-38.001079|145.191567|jkUU3JCl7HM|NA|983
Eastlink Rowville Northbound Wellington Road Bridge - Lane 1|2911|671138|-37.925627|145.212879|lfs4DcOTB6c|NA|842
Eastlink Rowville Northbound Wellington Road Bridge - Lane 2|4883|1121566|-37.925634|145.212918|lfs4DcOTB6c|NA|842
Eastlink Rowville Northbound Wellington Road Bridge - Lane 3|7743|1783521|-37.925639|145.212959|lfs4DcOTB6c|NA|842
Eastlink Rowville Southbound Wellington Road Bridge - Lane 1|3070|704439|-37.925262|145.213427|jkUU3JCl7HM|NA|657
Eastlink Rowville Southbound Wellington Road Bridge - Lane 2|5406|1225870|-37.925259|145.213383|jkUU3JCl7HM|NA|657
Eastlink Rowville Southbound Wellington Road Bridge - Lane 3|7100|1639385|-37.925254|145.213342|jkUU3JCl7HM|NA|657
Hume Freeway Beveridge Northbound Mount Fraser - Lane 1|290|66503|-37.460324|144.972162|EvTfMr-iQKw|NA|2850
Hume Freeway Beveridge Northbound Mount Fraser - Lane 2|388|92968|-37.460341|144.972198|EvTfMr-iQKw|NA|2850
Hume Freeway Beveridge Southbound Mount Fraser - Lane 1|1195|280085|-37.460652|144.972407|lTQnNbPr3T8|NA|214
Hume Freeway Beveridge Southbound Mount Fraser - Lane 2|1595|373246|-37.460638|144.972358|lTQnNbPr3T8|NA|214
Hume Freeway Broadford Northbound 101 Metres South Of Broadford-Flowerdale Road - Lane 1|1195|271356|-37.207587|145.068505|N|NA|0
Hume Freeway Broadford Northbound 101 Metres South Of Broadford-Flowerdale Road - Lane 2|966|238233|-37.207611|145.068566|N|NA|0
Hume Freeway Broadford Southbound 109 Metres South Of Broadford-Flowerdale Road - Lane 1|1309|306662|-37.207686|145.068907|N|NA|0
Hume Freeway Broadford Southbound 109 Metres South Of Broadford-Flowerdale Road - Lane 2|1523|373228|-37.207677|145.068875|N|NA|0
Hume Freeway Craigieburn Northbound 66 Metres South Of Amaroo Road - Lane 1|1025|219171|-37.584378|144.944099|EvTfMr-iQKw|NA|2273
Hume Freeway Craigieburn Northbound 66 Metres South Of Amaroo Road - Lane 2|1586|359088|-37.584365|144.944145|EvTfMr-iQKw|NA|2273
Hume Freeway Craigieburn Southbound 65 Metres South Of Amaroo Road - Lane 1|2638|586327|-37.584325|144.944374|lTQnNbPr3T8|NA|778
Hume Freeway Craigieburn Southbound 65 Metres South Of Amaroo Road - Lane 2|3090|708124|-37.584337|144.944334|lTQnNbPr3T8|NA|778
Hume Freeway Epping Northbound 65 Metres South Of O'Herns Road - Lane 1|286|71463|-37.634548|144.993244|EvTfMr-iQKw|NA|1957
Hume Freeway Epping Northbound 65 Metres South Of O'Herns Road - Lane 2|445|117859|-37.634558|144.993287|EvTfMr-iQKw|NA|1957
Hume Freeway Epping Southbound 60 Metres South Of O'Herns Road - Lane 1|916|211153|-37.634591|144.993516|lTQnNbPr3T8|NA|1065
Hume Freeway Epping Southbound 60 Metres South Of O'Herns Road - Lane 2|2297|552218|-37.634588|144.993469|lTQnNbPr3T8|NA|1065
Hume Freeway Wallan East Northbound Adjacent To Station Street - Lane 1|460|107263|-37.410335|145.005555|N|NA|0
Hume Freeway Wallan East Northbound Adjacent To Station Street - Lane 2|614|148269|-37.410369|145.005577|N|NA|0
Hume Freeway Wallan East Southbound Adjacent To Station Street - Lane 1|1614|384463|-37.410689|145.005604|N|NA|0
Hume Freeway Wallan East Southbound Adjacent To Station Street - Lane 2|1773|443793|-37.410649|145.005579|N|NA|0
Melba Tunnel Donvale Approx 500m Prior to Tunnel Exit - Lane 1|1628|392193|-37.803764|145.200809|lfs4DcOTB6c|NA|1396
Melba Tunnel Donvale Approx 500m Prior to Tunnel Exit - Lane 2|1944|476411|-37.803758|145.200843|lfs4DcOTB6c|NA|1396
Melba Tunnel Donvale Approx 500m Prior to Tunnel Exit - Lane 3|3309|799395|-37.803737|145.200836|lfs4DcOTB6c|NA|1396
Monash Freeway And Approximately 470 Metres South Of High Street Glen Iris - Lane 1 2|2145|585195|-37.862681|145.059992|nP6kErgq_z4|NA|0
Monash Freeway And Approximately 470 Metres South Of High Street Glen Iris - Lane 3 4|3520|892504|-37.862668|145.060066|nP6kErgq_z4|NA|0
Monash Freeway Approximately 290 Metres South Of High Street Glen Iris - Lane 1 2|4507|1186084|-37.863972|145.060644|nrSA_H08ifU|NA|0
Monash Freeway Approximately 290 Metres South Of High Street Glen Iris - Lane 3 4|8109|2108551|-37.863987|145.060567|nrSA_H08ifU|NA|0
Mullum Mullum Tunnel Donvale Approx 600m Prior to Tunnel Exit - Lane 1|806|187071|-37.805038|145.206985|jkUU3JCl7HM|NA|131
Mullum Mullum Tunnel Donvale Approx 600m Prior to Tunnel Exit - Lane 2|1657|401066|-37.805052|145.206974|jkUU3JCl7HM|NA|131
Mullum Mullum Tunnel Donvale Approx 600m Prior to Tunnel Exit - Lane 3|1638|384929|-37.805068|145.206961|jkUU3JCl7HM|NA|131
Peninsula Link Freeway Frankston Northbound Skye Road Bridge - Lane 1|2149|507925|-38.141243|145.17294|ZFcQEH3b5Tk|NA|0
Peninsula Link Freeway Frankston Northbound Skye Road Bridge - Lane 2|5140|1197448|-38.141251|145.172981|ZFcQEH3b5Tk|NA|0
Peninsula Link Freeway Frankston Southbound Skye Road Bridge - Lane 1|1225|276980|-38.141485|145.173252|qgEtbd79h0k|NA|0
Peninsula Link Freeway Frankston Southbound Skye Road Bridge - Lane 2|2849|649662|-38.141477|145.173209|qgEtbd79h0k|NA|0
Peninsula Link Freeway Moorooduc Northbound Eramosa Road West Bridge - Lane 1|2395|557704|-38.21667|145.129026|qtJBIXaYw7g|NA|0
Peninsula Link Freeway Moorooduc Northbound Eramosa Road West Bridge - Lane 2|1182|274496|-38.216683|145.129071|qtJBIXaYw7g|NA|0
Peninsula Link Freeway Moorooduc Northbound Loders Road Bridge - Lane 1|7466|1742879|-38.262955|145.106767|vs53ekY2Zo8|NA|0
Peninsula Link Freeway Moorooduc Northbound Loders Road Bridge - Lane 2|3982|903944|-38.262976|145.106789|vs53ekY2Zo8|NA|0
Peninsula Link Freeway Moorooduc Southbound Eramosa Road West Bridge - Lane 1|1810|415021|-38.216569|145.129307|aX41GQiwmMo|NA|0
Peninsula Link Freeway Moorooduc Southbound Eramosa Road West Bridge - Lane 2|5141|1200737|-38.216561|145.129264|aX41GQiwmMo|NA|0
Peninsula Link Freeway Moorooduc Southbound Mornington-Tyabb Road Bridge - Lane 1|1606|368284|-38.252146|145.117947|woy8gh0lujw|NA|0
Peninsula Link Freeway Moorooduc Southbound Mornington-Tyabb Road Bridge - Lane 2|3550|832727|-38.252134|145.117911|woy8gh0lujw|NA|0
Peninsula Link Freeway Northbound Ballarto Road Bridge Frankston North|0|0|-38.113476|145.164321|-KcqmQeo8qI|NA|0
Peninsula Link Freeway Southbound Ballarto Road Bridge Carrum Downs|0|0|-38.113634|145.16475|jLXGLfFAev0|NA|0
Princes Freeway Hoppers Crossing Forsyth Road Bridge Melbourne Bound - Lane 1 2 3 4|14676|3397544|-37.873232|144.736855|qecaRZsOKBs|NA|4384
Princes Freeway Lara Avalon Road Bridge Geelong Bound - Lane 1 2 3|11998|2786422|-38.030586|144.430816|MI0T2mNXUDc|NA|5907
Princes Freeway Lara Avalon Road Bridge Melbourne Bound - Lane 1 2 3|19996|4831091|-38.030427|144.430374|qecaRZsOKBs|NA|3079
Princes Freeway Little River Point Wilson Road Bridge Melbourne Bound - Lane 1 2 3|10522|2555421|-37.981751|144.533424|qecaRZsOKBs|NA|3481
Princes Freeway Point Cook Forsyth Road Bridge Geelong Bound - Lane 1 2 3 4|23067|5360064|-37.873629|144.736802|MI0T2mNXUDc|NA|4615
Princes Freeway Point Wilson Point Wilson Road Bridge Geelong Bound - Lane 1 2 3|9502|2257349|-37.982032|144.533598|MI0T2mNXUDc|NA|5511
West Gate Freeway Altona North Westbound Approximately 405 Metres East Of Millers Road  - Lane 1 2 3 4|4966|1296876|-37.824777|144.853502|yzOrkQbtWvc|NA|0
West Gate Freeway Brooklyn Eastbound Grieve Parade Bridge - Lane 1 2 3 4|9767|2831030|-37.825542|144.829479|kRKGAdpttOs|NA|0
Westbound Midland Highway At Bagshot Level Crossing 40 Metres West Of Peatlings Road Bagshot - Lane 1|2969|816319|-36.654012|144.404703|qCCPOvUpC4I|NA|622
Western Ring Road Approximately 1600 Metres West Of Sydney Road Broadmeadows - Lane 1|5899|1520014|-37.692749|144.94059|qecaRZsOKBs|NA|5757
Western Ring Road Approximately 1600 Metres West Of Sydney Road Broadmeadows - Lane 2|6280|1582058|-37.69278|144.940594|qecaRZsOKBs|NA|5757
Western Ring Road Approximately 1600 Metres West Of Sydney Road Broadmeadows - Lane 3|7728|1939416|-37.692811|144.9406|qecaRZsOKBs|NA|5757
Western Ring Road Approximately 1600 Metres West Of Sydney Road Broadmeadows - Lane 4|11634|2852584|-37.692843|144.940606|qecaRZsOKBs|NA|5757
Western Ring Road Approximately 560 Metres North Of Ballarat Road Ardeer - Lane 1|3081|919705|-37.767542|144.800484|MI0T2mNXUDc|NA|2551
Western Ring Road Approximately 560 Metres North Of Ballarat Road Ardeer - Lane 2|2977|828579|-37.767506|144.800474|MI0T2mNXUDc|NA|2551
Western Ring Road Approximately 560 Metres North Of Ballarat Road Ardeer - Lane 3|3493|943493|-37.767476|144.800467|MI0T2mNXUDc|NA|2551
Western Ring Road Approximately 560 Metres North Of Ballarat Road Ardeer - Lane 4|3054|780205|-37.767449|144.800457|MI0T2mNXUDc|NA|2551
Western Ring Road Approximately 600 Metres West Of Sydney Road Glenroy - Lane 1|930|237883|-37.692238|144.95174|MI0T2mNXUDc|NA|1877
Western Ring Road Approximately 600 Metres West Of Sydney Road Glenroy - Lane 2|1343|347225|-37.692207|144.951742|MI0T2mNXUDc|NA|1877
Western Ring Road Approximately 600 Metres West Of Sydney Road Glenroy - Lane 3|2773|695057|-37.692173|144.951734|MI0T2mNXUDc|NA|1877
Western Ring Road Approximately 650 Metres South Of Ballarat Road Ardeer - Lane 1|3701|1001523|-37.776035|144.793968|qecaRZsOKBs|NA|5086
Western Ring Road Approximately 650 Metres South Of Ballarat Road Ardeer - Lane 2|5172|1362450|-37.776044|144.794006|qecaRZsOKBs|NA|5086
Western Ring Road Approximately 650 Metres South Of Ballarat Road Ardeer - Lane 3|6654|1762483|-37.77604|144.794056|qecaRZsOKBs|NA|5086
Western Ring Road Approximately 650 Metres South Of Ballarat Road Ardeer - Lane 4|5840|1616792|-37.776038|144.794093|qecaRZsOKBs|NA|5086
Western Ring Road Laverton North Northbound Boundary Road South Side Gantry - Lane 1|2675|613461|-37.819348|144.809287|qecaRZsOKBs|NA|4838
Western Ring Road Laverton North Northbound Boundary Road South Side Gantry - Lane 2|4001|924875|-37.819331|144.809322|qecaRZsOKBs|NA|4838
Western Ring Road Laverton North Northbound Boundary Road South Side Gantry - Lane 3|8056|1867471|-37.819323|144.809363|qecaRZsOKBs|NA|4838
Western Ring Road Sunshine West Southbound Boundary Road North Side Gantry - Lane 1|1164|288577|-37.810968|144.80811|MI0T2mNXUDc|NA|3662
Western Ring Road Sunshine West Southbound Boundary Road North Side Gantry - Lane 2|4746|1101896|-37.81097|144.808069|MI0T2mNXUDc|NA|3662
Western Ring Road Sunshine West Southbound Boundary Road North Side Gantry - Lane 3|5480|1287093|-37.81097|144.808031|MI0T2mNXUDc|NA|3662
Western Ring Road Sunshine West Southbound Boundary Road North Side Gantry - Lane 4|7545|1771678|-37.810973|144.807995|MI0T2mNXUDc|NA|3662